width,height,count
45,49,66
49,49,60
53,51,60
47,49,56
49,53,54
51,53,54
49,47,52
47,47,51
51,55,50
55,55,48
43,45,48
51,49,48
57,53,48
53,55,48
51,51,46
53,53,46
47,51,46
55,57,45
45,47,45
51,47,44
57,55,44
55,53,43
49,51,41
49,55,41
45,45,41
59,59,41
49,43,40
53,49,40
51,57,39
47,43,39
57,61,39
43,43,38
47,45,37
47,53,37
37,39,37
61,59,36
41,41,36
53,47,36
55,51,36
55,49,36
57,57,35
59,55,35
43,41,35
53,57,34
41,43,34
61,61,34
57,51,34
41,47,34
59,57,34
49,45,32
39,43,31
45,53,31
63,65,31
45,43,31
45,41,31
37,35,31
59,53,31
61,55,30
45,51,30
43,49,30
59,63,30
51,45,29
59,65,29
55,59,29
43,42,28
35,35,28
35,37,28
61,53,27
43,51,27
41,42,27
65,63,27
41,39,27
61,57,27
37,41,27
39,41,27
55,61,27
61,65,27
43,39,26
43,47,26
65,59,26
61,63,26
39,39,26
67,67,25
37,37,25
53,61,25
67,61,25
57,59,25
59,61,24
47,55,24
33,36,24
39,45,24
63,59,24
63,61,24
47,57,23
45,44,23
33,35,23
51,43,23
41,49,23
35,39,22
36,37,22
40,38,21
59,51,21
35,36,21
41,45,21
57,63,21
36,35,21
55,45,21
63,63,21
45,39,21
39,47,21
69,73,21
94,98,21
35,33,20
36,41,20
43,37,20
70,69,20
57,67,20
75,73,20
37,43,20
41,37,20
69,63,20
45,46,20
53,59,20
34,35,20
65,57,19
47,59,19
59,67,19
69,65,19
39,37,19
47,41,19
51,59,19
42,41,19
65,69,19
55,65,19
37,34,19
40,41,19
96,92,19
35,41,19
65,61,18
55,63,18
39,44,18
31,31,18
63,67,18
65,65,18
40,39,18
38,36,17
38,35,17
45,55,17
69,69,17
65,62,17
45,42,17
34,36,17
90,100,17
96,98,17
100,100,17
71,67,17
63,57,17
63,55,17
71,59,17
41,40,17
67,70,17
53,63,17
43,40,17
55,47,17
31,33,17
31,34,17
35,40,17
71,72,17
33,43,16
96,86,16
75,84,16
33,33,16
96,100,16
43,44,16
59,49,16
42,39,16
38,41,16
77,78,16
32,34,16
43,57,16
37,33,16
80,84,16
94,90,16
57,69,16
67,71,16
69,67,16
57,49,16
32,33,15
57,62,15
31,35,15
49,61,15
49,57,15
108,106,15
55,58,15
38,38,15
31,29,15
74,71,15
43,53,15
36,40,15
49,46,15
36,34,15
35,34,15
49,41,15
30,33,15
67,59,15
36,38,15
55,60,15
44,45,15
37,36,15
67,68,15
45,57,15
73,76,15
39,38,15
67,65,15
96,96,15
48,43,15
37,45,15
37,38,15
36,36,15
100,102,15
29,31,15
44,51,15
72,71,15
67,69,14
88,86,14
33,38,14
96,94,14
39,40,14
43,46,14
64,63,14
65,55,14
33,32,14
39,36,14
39,35,14
36,33,14
72,78,14
35,43,14
67,57,14
51,41,14
102,98,14
59,66,14
34,39,14
86,92,14
71,68,14
53,65,14
73,82,14
63,69,14
53,52,14
37,40,14
86,80,14
78,84,14
34,34,14
37,47,14
40,35,14
65,74,14
82,84,14
46,45,14
96,90,14
66,61,14
100,98,14
34,31,13
67,63,13
88,90,13
41,53,13
61,67,13
98,104,13
98,108,13
100,110,13
98,100,13
70,71,13
63,64,13
90,96,13
51,61,13
63,68,13
82,88,13
71,75,13
49,44,13
55,64,13
49,65,13
100,106,13
63,71,13
35,38,13
35,29,13
41,38,13
49,63,13
40,40,13
90,86,13
33,39,13
56,49,13
30,31,13
86,82,13
30,29,13
92,96,13
30,35,13
69,71,13
92,86,13
65,64,13
38,37,13
46,43,13
57,65,13
78,69,13
59,62,13
43,38,13
44,46,13
38,39,13
32,31,13
42,45,13
94,88,13
45,59,13
51,65,13
60,63,13
73,67,12
63,62,12
100,92,12
80,75,12
73,68,12
49,59,12
53,45,12
61,62,12
45,37,12
58,59,12
40,37,12
63,75,12
71,65,12
44,43,12
88,94,12
71,73,12
44,47,12
94,102,12
65,70,12
57,47,12
32,32,12
82,82,12
106,98,12
42,47,12
98,102,12
63,53,12
41,51,12
39,42,12
96,104,12
51,56,12
51,52,12
68,67,12
102,96,12
57,56,12
26,29,12
38,42,12
92,94,12
47,39,12
38,40,12
57,60,12
48,46,12
67,73,12
38,44,12
62,63,11
55,67,11
55,71,11
37,42,11
39,33,11
76,69,11
77,79,11
53,54,11
84,90,11
70,67,11
35,31,11
69,72,11
104,92,11
106,104,11
33,31,11
74,73,11
59,60,11
96,88,11
78,88,11
41,55,11
98,98,11
58,61,11
60,57,11
65,68,11
48,42,11
72,69,11
56,54,11
65,67,11
37,32,11
92,102,11
31,32,11
31,30,11
79,96,11
43,55,11
75,71,11
30,30,11
73,75,11
40,47,11
90,85,11
33,37,11
29,29,11
75,79,11
94,100,11
61,58,11
80,88,11
71,71,11
63,73,11
59,70,10
94,92,10
45,36,10
45,61,10
94,108,10
52,47,10
80,90,10
54,59,10
44,42,10
38,32,10
80,96,10
62,59,10
44,41,10
59,58,10
58,63,10
104,96,10
53,64,10
92,90,10
92,88,10
78,74,10
56,55,10
100,104,10
39,51,10
39,49,10
55,66,10
100,96,10
82,90,10
61,51,10
41,36,10
90,90,10
90,92,10
57,45,10
90,94,10
98,96,10
42,38,10
42,49,10
79,82,10
79,83,10
96,106,10
48,45,10
57,58,10
43,48,10
57,66,10
47,42,10
45,48,10
61,66,10
37,31,10
76,80,10
34,33,10
66,57,10
73,62,10
104,98,10
67,77,10
75,75,10
65,66,10
65,71,10
73,73,10
65,60,10
36,45,10
71,80,10
76,78,10
36,39,10
33,41,10
71,79,10
29,32,10
73,77,10
34,38,10
69,61,10
65,58,10
27,27,10
35,32,10
66,67,10
64,69,10
66,84,10
110,110,10
104,108,10
104,110,10
116,106,10
27,28,10
63,70,10
106,94,10
75,80,10
108,104,9
46,40,9
73,72,9
47,44,9
61,73,9
28,28,9
92,84,9
75,82,9
40,43,9
92,98,9
92,112,9
40,36,9
73,79,9
61,76,9
40,45,9
29,34,9
114,106,9
96,110,9
110,102,9
74,84,9
43,36,9
79,86,9
64,61,9
96,102,9
110,112,9
29,28,9
79,72,9
98,90,9
60,59,9
64,65,9
42,44,9
42,43,9
110,98,9
80,69,9
80,71,9
30,32,9
30,28,9
59,73,9
59,69,9
41,44,9
112,114,9
33,29,9
59,64,9
65,72,9
41,35,9
65,73,9
44,44,9
102,92,9
29,33,9
39,53,9
116,100,9
63,56,9
84,86,9
102,110,9
49,56,9
38,45,9
71,70,9
38,43,9
83,82,9
83,98,9
36,43,9
88,88,9
68,73,9
70,80,9
77,88,9
77,80,9
55,52,9
84,88,9
102,104,9
69,74,9
52,51,9
52,52,9
37,51,9
52,53,9
85,83,9
62,61,9
86,96,9
86,94,9
53,71,9
86,84,9
86,81,9
53,43,9
104,104,9
78,71,9
32,35,9
48,47,9
25,28,9
25,26,9
72,73,9
82,78,9
72,76,9
67,74,9
39,34,9
35,42,9
74,74,8
65,53,8
84,94,8
25,27,8
72,68,8
92,104,8
46,55,8
80,73,8
51,67,8
51,66,8
81,84,8
66,64,8
42,40,8
43,35,8
64,74,8
51,63,8
85,90,8
47,65,8
86,86,8
60,55,8
47,46,8
72,82,8
60,61,8
47,61,8
57,72,8
70,64,8
70,61,8
42,42,8
80,76,8
80,78,8
55,54,8
82,94,8
59,47,8
94,94,8
114,108,8
80,94,8
73,78,8
49,54,8
28,30,8
65,86,8
28,29,8
67,84,8
82,86,8
80,86,8
82,85,8
80,80,8
67,72,8
66,69,8
90,84,8
48,48,8
70,77,8
112,116,8
70,79,8
51,50,8
46,46,8
81,75,8
68,69,8
27,34,8
55,62,8
82,80,8
48,51,8
44,49,8
58,57,8
71,69,8
94,112,8
73,70,8
32,36,8
98,106,8
76,82,8
38,33,8
38,34,8
76,79,8
75,69,8
78,86,8
108,98,8
75,77,8
33,30,8
33,34,8
33,40,8
41,34,8
78,63,8
35,45,8
61,77,8
78,78,8
61,56,8
100,88,8
100,90,8
61,70,8
63,90,8
106,114,8
63,60,8
108,108,8
40,42,8
63,66,8
34,37,8
62,55,8
76,76,8
98,86,8
42,37,8
42,36,8
42,33,8
62,67,8
104,102,8
79,75,8
35,47,7
26,36,7
47,52,7
92,80,7
69,82,7
53,67,7
57,68,7
39,46,7
53,46,7
54,52,7
91,86,7
116,118,7
48,44,7
63,49,7
76,70,7
48,49,7
39,32,7
48,53,7
82,81,7
90,98,7
67,64,7
72,67,7
66,66,7
106,112,7
66,63,7
63,76,7
66,59,7
58,55,7
104,100,7
81,78,7
46,53,7
81,100,7
53,60,7
106,116,7
82,72,7
61,74,7
125,139,7
100,133,7
61,68,7
61,69,7
125,124,7
66,65,7
70,65,7
61,71,7
67,81,7
102,100,7
71,84,7
54,55,7
38,49,7
52,55,7
88,100,7
68,65,7
52,50,7
68,70,7
52,49,7
68,76,7
55,56,7
70,76,7
70,73,7
70,72,7
52,48,7
69,59,7
77,75,7
69,75,7
51,69,7
88,80,7
62,57,7
51,74,7
88,78,7
69,66,7
84,108,7
87,88,7
121,114,7
71,63,7
55,69,7
71,74,7
78,65,7
23,23,7
69,79,7
104,106,7
77,69,7
104,112,7
86,88,7
71,77,7
49,60,7
71,76,7
56,65,7
120,118,7
56,63,7
86,90,7
76,77,7
83,81,7
36,32,7
62,62,7
84,76,7
37,49,7
50,47,7
55,75,7
80,92,7
72,75,7
30,27,7
45,54,7
45,50,7
73,74,7
100,94,7
28,32,7
74,70,7
73,81,7
79,94,7
73,87,7
74,66,7
110,100,7
73,92,7
94,104,7
65,82,7
112,108,7
98,110,7
65,81,7
75,67,7
43,65,7
75,78,7
80,74,7
44,52,7
59,71,7
61,49,7
75,74,7
98,114,7
65,77,7
41,33,7
133,135,7
29,36,7
110,104,7
31,28,7
98,93,7
32,38,7
108,100,7
42,46,7
73,66,7
80,79,7
73,65,7
98,94,7
45,63,7
89,110,6
36,31,6
84,75,6
50,43,6
98,88,6
50,45,6
84,79,6
30,36,6
84,82,6
60,53,6
56,51,6
50,53,6
50,55,6
84,84,6
55,68,6
86,79,6
68,57,6
83,76,6
37,53,6
49,76,6
149,147,6
32,29,6
76,74,6
49,48,6
82,96,6
38,48,6
53,58,6
65,75,6
71,78,6
64,67,6
49,58,6
53,56,6
59,68,6
120,108,6
49,67,6
94,86,6
60,58,6
53,66,6
56,61,6
98,113,6
75,70,6
69,77,6
68,63,6
84,96,6
31,39,6
110,116,6
74,72,6
51,71,6
41,59,6
55,43,6
104,86,6
69,68,6
64,73,6
74,86,6
122,149,6
54,63,6
87,84,6
54,54,6
54,45,6
62,71,6
104,94,6
54,51,6
85,75,6
54,49,6
74,69,6
77,67,6
43,34,6
79,65,6
88,98,6
86,83,6
88,96,6
60,51,6
112,106,6
88,92,6
68,66,6
110,114,6
78,96,6
68,71,6
76,81,6
21,21,6
68,75,6
64,70,6
78,70,6
122,110,6
51,54,6
86,78,6
70,74,6
31,36,6
67,80,6
74,63,6
47,48,6
72,80,6
66,70,6
40,44,6
66,73,6
94,96,6
114,123,6
66,82,6
73,90,6
63,54,6
57,64,6
26,24,6
81,92,6
26,23,6
72,77,6
94,110,6
91,74,6
35,51,6
67,51,6
34,43,6
76,65,6
66,62,6
61,64,6
106,108,6
27,33,6
27,29,6
57,77,6
57,79,6
82,73,6
28,33,6
82,76,6
92,82,6
114,118,6
82,77,6
59,45,6
108,118,6
92,110,6
28,27,6
75,81,6
141,143,6
108,120,6
78,72,6
82,71,6
114,121,6
100,117,6
102,90,6
58,49,6
27,26,6
94,78,6
63,79,6
118,118,6
48,57,6
76,73,6
78,82,6
90,110,6
90,88,6
78,73,6
76,72,6
29,30,6
76,71,6
78,79,6
34,32,6
67,62,6
29,27,6
73,61,6
114,145,6
40,34,6
82,79,6
25,29,6
72,65,6
66,53,6
67,55,6
92,120,6
90,104,6
94,82,6
34,41,6
75,86,5
75,92,5
84,89,5
63,81,5
70,66,5
76,92,5
79,78,5
64,80,5
76,90,5
70,63,5
69,86,5
60,68,5
79,76,5
74,88,5
60,49,5
60,70,5
69,81,5
81,98,5
69,76,5
81,73,5
58,53,5
82,75,5
86,75,5
73,69,5
86,73,5
151,133,5
53,69,5
77,63,5
85,84,5
62,65,5
69,78,5
81,79,5
155,149,5
155,157,5
69,80,5
64,57,5
64,55,5
74,90,5
54,48,5
86,77,5
67,79,5
62,58,5
59,74,5
78,80,5
56,57,5
76,67,5
59,56,5
71,66,5
83,80,5
83,86,5
79,67,5
83,90,5
83,94,5
59,75,5
84,78,5
75,68,5
67,53,5
67,60,5
75,72,5
82,100,5
75,76,5
67,66,5
65,76,5
65,79,5
82,83,5
78,67,5
67,75,5
67,76,5
67,96,5
71,94,5
67,88,5
61,80,5
72,63,5
61,81,5
84,80,5
84,81,5
57,54,5
77,84,5
69,64,5
74,81,5
74,77,5
74,76,5
84,85,5
69,60,5
77,76,5
74,67,5
70,70,5
79,92,5
78,75,5
77,82,5
70,78,5
77,83,5
77,90,5
76,61,5
66,68,5
68,81,5
68,80,5
59,52,5
57,71,5
68,74,5
77,96,5
57,70,5
66,74,5
66,90,5
80,66,5
80,67,5
68,59,5
64,62,5
80,83,5
90,77,5
33,47,5
94,84,5
115,114,5
31,45,5
27,31,5
106,120,5
27,23,5
89,79,5
94,87,5
26,34,5
94,89,5
37,48,5
45,40,5
88,91,5
26,31,5
26,30,5
137,118,5
45,32,5
88,85,5
51,48,5
42,53,5
51,62,5
90,102,5
48,52,5
44,55,5
94,116,5
44,53,5
30,34,5
102,131,5
50,51,5
135,118,5
44,40,5
49,40,5
49,71,5
30,38,5
112,131,5
49,68,5
106,90,5
90,72,5
29,26,5
29,25,5
29,24,5
89,106,5
106,110,5
106,118,5
89,98,5
31,40,5
89,96,5
114,110,5
114,112,5
49,52,5
31,41,5
28,36,5
28,35,5
28,31,5
31,42,5
28,24,5
49,42,5
114,132,5
114,143,5
130,133,5
46,41,5
121,125,5
100,108,5
46,50,5
47,64,5
47,63,5
52,56,5
110,96,5
110,94,5
122,117,5
47,54,5
47,50,5
47,40,5
41,57,5
135,141,5
108,125,5
86,104,5
96,108,5
123,130,5
108,110,5
127,120,5
127,118,5
46,51,5
108,121,5
86,98,5
92,92,5
92,100,5
92,106,5
42,48,5
53,48,5
121,118,5
106,100,5
34,28,5
110,118,5
110,120,5
90,122,5
87,98,5
32,28,5
38,53,5
22,26,5
102,102,5
46,48,5
102,94,5
32,37,5
24,25,5
90,118,5
96,87,5
100,112,5
24,27,5
120,98,5
44,37,5
120,116,5
91,100,5
46,44,5
106,106,4
106,107,4
35,44,4
63,86,4
33,57,4
108,92,4
75,100,4
106,115,4
75,88,4
34,44,4
106,128,4
108,96,4
63,80,4
63,82,4
106,125,4
63,74,4
63,72,4
53,62,4
106,96,4
41,48,4
38,47,4
78,68,4
102,106,4
39,30,4
39,55,4
39,59,4
100,125,4
100,109,4
40,46,4
61,60,4
98,135,4
141,153,4
78,85,4
78,90,4
76,66,4
78,93,4
98,109,4
78,100,4
79,68,4
98,92,4
79,73,4
60,71,4
98,87,4
79,74,4
60,67,4
42,35,4
60,65,4
79,77,4
139,147,4
38,31,4
77,92,4
38,30,4
63,47,4
106,92,4
137,139,4
137,143,4
106,57,4
76,75,4
105,122,4
36,30,4
137,155,4
105,98,4
36,48,4
76,87,4
36,49,4
108,114,4
77,66,4
104,116,4
37,46,4
77,71,4
77,73,4
62,53,4
77,74,4
139,125,4
102,139,4
77,77,4
53,50,4
77,86,4
77,89,4
76,94,4
110,123,4
108,116,4
23,24,4
71,82,4
23,26,4
71,88,4
23,28,4
72,59,4
72,61,4
67,82,4
118,127,4
67,78,4
24,21,4
118,121,4
24,24,4
24,26,4
24,29,4
24,30,4
118,119,4
130,119,4
25,23,4
67,58,4
117,122,4
72,70,4
131,114,4
72,72,4
26,25,4
72,79,4
71,81,4
23,21,4
33,45,4
119,143,4
70,59,4
70,62,4
125,117,4
124,141,4
124,129,4
69,70,4
124,121,4
123,147,4
127,129,4
123,116,4
123,110,4
69,58,4
69,57,4
122,124,4
70,75,4
122,120,4
68,82,4
68,79,4
21,20,4
128,119,4
121,122,4
71,58,4
120,139,4
71,64,4
22,27,4
72,81,4
26,28,4
72,84,4
72,90,4
31,26,4
74,65,4
111,102,4
74,68,4
31,38,4
74,78,4
74,82,4
74,83,4
110,135,4
64,84,4
74,96,4
64,76,4
161,148,4
64,71,4
32,26,4
64,64,4
110,108,4
32,39,4
75,62,4
32,40,4
110,106,4
75,66,4
109,104,4
108,124,4
33,28,4
65,56,4
112,98,4
112,117,4
28,25,4
26,32,4
66,72,4
66,71,4
26,35,4
131,132,4
131,139,4
115,141,4
66,55,4
27,39,4
73,63,4
73,71,4
114,117,4
112,120,4
73,80,4
73,86,4
65,90,4
65,88,4
73,88,4
29,22,4
161,169,4
29,35,4
29,38,4
29,39,4
112,134,4
42,51,4
69,100,4
81,72,4
58,54,4
46,42,4
58,47,4
46,49,4
81,80,4
84,102,4
46,56,4
84,100,4
84,92,4
82,69,4
92,91,4
87,112,4
57,78,4
92,89,4
92,85,4
57,75,4
92,81,4
92,77,4
47,62,4
47,67,4
91,92,4
88,76,4
47,72,4
91,88,4
58,51,4
85,73,4
45,65,4
58,56,4
52,45,4
52,44,4
94,80,4
94,65,4
54,53,4
58,82,4
80,102,4
80,111,4
93,96,4
87,85,4
54,56,4
54,57,4
58,67,4
58,66,4
58,65,4
54,58,4
81,69,4
87,86,4
145,139,4
92,130,4
58,58,4
54,61,4
87,89,4
51,77,4
55,46,4
147,137,4
147,145,4
50,60,4
149,141,4
50,54,4
55,72,4
56,52,4
55,73,4
84,83,4
83,77,4
83,84,4
55,77,4
83,87,4
153,141,4
50,50,4
84,65,4
84,74,4
50,49,4
50,42,4
55,90,4
55,88,4
89,90,4
55,80,4
84,77,4
55,83,4
149,149,4
56,56,4
83,74,4
82,92,4
90,128,4
55,48,4
48,40,4
48,50,4
57,43,4
51,73,4
88,82,4
88,84,4
49,38,4
82,87,4
49,50,4
56,59,4
82,98,4
49,62,4
51,64,4
51,58,4
51,42,4
51,40,4
49,69,4
88,104,4
88,106,4
56,60,4
45,67,4
50,48,4
94,120,4
80,77,4
94,95,4
59,79,4
94,114,4
86,102,4
94,127,4
44,39,4
79,88,4
54,43,4
52,57,4
79,90,4
43,50,4
44,38,4
59,88,4
96,84,4
43,52,4
43,61,4
43,54,4
96,74,4
95,86,4
86,76,4
79,98,4
79,112,4
143,143,4
45,33,4
95,102,4
45,34,4
79,84,4
96,127,4
80,82,4
79,80,4
85,78,4
85,79,4
53,41,4
45,56,4
43,59,4
59,81,4
53,42,4
43,63,4
53,70,4
54,47,4
143,132,4
53,80,4
52,54,4
88,87,3
86,100,3
124,125,3
124,133,3
116,130,3
117,111,3
86,91,3
116,126,3
117,113,3
117,110,3
131,116,3
117,104,3
124,120,3
124,116,3
86,74,3
117,98,3
131,124,3
86,59,3
116,137,3
116,139,3
86,72,3
88,89,3
72,74,3
128,135,3
124,156,3
124,139,3
125,122,3
73,60,3
115,117,3
125,116,3
89,86,3
126,127,3
132,118,3
126,106,3
73,59,3
125,141,3
125,143,3
70,55,3
69,113,3
132,137,3
114,134,3
131,145,3
125,115,3
72,83,3
124,149,3
86,89,3
124,147,3
72,91,3
73,57,3
149,153,3
116,124,3
124,151,3
126,139,3
149,145,3
116,120,3
131,131,3
149,128,3
126,157,3
131,141,3
117,114,3
123,100,3
86,49,3
71,92,3
119,116,3
121,132,3
128,120,3
71,86,3
132,139,3
119,112,3
121,151,3
71,56,3
121,123,3
72,57,3
119,108,3
71,55,3
85,86,3
85,49,3
72,62,3
128,116,3
129,139,3
71,57,3
128,106,3
87,72,3
71,60,3
71,61,3
120,149,3
120,137,3
128,131,3
120,131,3
86,124,3
87,76,3
119,130,3
120,114,3
129,120,3
129,123,3
121,121,3
129,129,3
87,81,3
119,133,3
119,96,3
118,151,3
151,145,3
130,129,3
149,157,3
85,94,3
122,126,3
118,116,3
122,135,3
118,106,3
127,139,3
123,106,3
84,87,3
70,68,3
130,138,3
117,135,3
85,96,3
88,77,3
117,126,3
151,147,3
118,120,3
88,74,3
151,185,3
70,81,3
118,139,3
85,88,3
71,53,3
118,129,3
87,90,3
84,106,3
70,82,3
118,122,3
88,70,3
87,96,3
122,116,3
86,108,3
122,119,3
85,91,3
122,123,3
85,92,3
141,198,3
111,114,3
114,122,3
102,124,3
104,90,3
104,84,3
104,49,3
77,72,3
139,119,3
94,106,3
102,133,3
77,81,3
139,141,3
102,119,3
104,105,3
102,118,3
143,163,3
143,161,3
143,151,3
77,100,3
95,92,3
143,149,3
139,149,3
102,109,3
138,157,3
104,107,3
102,108,3
76,83,3
145,129,3
137,135,3
137,145,3
80,100,3
80,98,3
93,98,3
93,108,3
138,116,3
104,141,3
76,84,3
104,114,3
76,85,3
76,86,3
76,88,3
94,83,3
76,91,3
104,129,3
80,87,3
104,125,3
104,122,3
95,104,3
95,110,3
89,87,3
79,87,3
98,118,3
78,83,3
98,116,3
78,87,3
98,112,3
157,153,3
78,95,3
79,64,3
141,155,3
79,70,3
80,49,3
79,71,3
96,111,3
143,127,3
143,121,3
98,85,3
96,126,3
79,79,3
98,81,3
98,59,3
78,81,3
98,120,3
102,105,3
100,118,3
143,141,3
102,88,3
102,87,3
102,86,3
102,83,3
102,82,3
139,153,3
100,147,3
100,123,3
80,70,3
98,121,3
96,89,3
100,91,3
141,126,3
141,129,3
141,133,3
78,76,3
98,133,3
141,151,3
98,122,3
155,147,3
155,136,3
106,95,3
153,155,3
134,116,3
112,100,3
90,80,3
134,141,3
134,145,3
98,66,3
74,61,3
83,71,3
125,159,3
153,159,3
112,112,3
111,100,3
82,104,3
110,170,3
90,81,3
135,129,3
74,79,3
74,80,3
110,139,3
90,82,3
112,110,3
112,124,3
106,102,3
83,78,3
114,120,3
114,116,3
89,91,3
73,84,3
133,129,3
89,100,3
89,102,3
133,131,3
147,161,3
90,75,3
112,125,3
69,106,3
74,45,3
83,75,3
133,137,3
113,115,3
113,100,3
90,78,3
90,79,3
112,130,3
147,153,3
90,91,3
110,133,3
137,115,3
92,108,3
81,90,3
81,88,3
81,86,3
81,82,3
75,89,3
108,94,3
81,77,3
107,98,3
145,165,3
110,130,3
137,125,3
106,129,3
92,122,3
137,127,3
145,159,3
106,119,3
106,111,3
81,70,3
145,137,3
81,104,3
108,117,3
154,174,3
108,123,3
110,125,3
90,93,3
74,92,3
90,106,3
147,143,3
110,115,3
135,140,3
74,104,3
91,75,3
147,125,3
91,90,3
161,147,3
91,112,3
75,65,3
92,83,3
135,147,3
135,149,3
108,135,3
108,126,3
139,137,3
90,87,3
63,52,3
22,24,3
57,46,3
64,45,3
61,90,3
57,48,3
39,61,3
58,69,3
24,17,3
39,63,3
62,74,3
24,18,3
41,56,3
24,20,3
27,51,3
66,60,3
62,73,3
66,56,3
66,54,3
33,44,3
33,42,3
24,23,3
24,33,3
33,27,3
57,50,3
57,52,3
58,62,3
23,29,3
46,35,3
34,29,3
61,72,3
67,85,3
67,83,3
28,38,3
53,75,3
39,28,3
67,49,3
22,25,3
30,42,3
61,52,3
58,73,3
28,34,3
61,75,3
46,38,3
62,82,3
47,38,3
28,26,3
61,86,3
58,70,3
66,79,3
66,78,3
23,22,3
46,57,3
46,47,3
46,39,3
42,59,3
54,66,3
25,21,3
40,49,3
32,27,3
32,25,3
65,51,3
40,33,3
55,41,3
55,44,3
26,26,3
55,50,3
40,48,3
31,27,3
55,76,3
55,79,3
65,54,3
40,50,3
40,51,3
62,60,3
40,53,3
31,47,3
64,59,3
64,66,3
43,69,3
62,70,3
27,24,3
27,30,3
32,30,3
57,94,3
42,61,3
27,36,3
45,66,3
54,67,3
43,29,3
45,52,3
45,38,3
25,25,3
65,89,3
45,35,3
25,31,3
65,84,3
45,31,3
177,145,3
44,48,3
57,83,3
31,25,3
25,33,3
43,33,3
65,80,3
61,102,3
65,78,3
44,54,3
44,50,3
43,56,3
40,32,3
53,73,3
53,78,3
56,53,3
68,94,3
60,52,3
36,42,3
60,54,3
41,69,3
174,147,3
50,52,3
50,46,3
50,44,3
56,70,3
59,78,3
59,77,3
60,69,3
35,53,3
60,72,3
60,73,3
35,100,3
52,41,3
19,16,3
63,58,3
19,21,3
49,86,3
59,41,3
67,90,3
49,37,3
69,55,3
59,82,3
69,62,3
29,37,3
41,58,3
51,70,3
63,51,3
51,68,3
51,46,3
51,44,3
51,39,3
36,51,3
41,50,3
29,41,3
41,46,3
41,32,3
174,212,3
63,43,3
37,57,3
41,68,3
17,20,3
29,40,3
59,85,3
50,64,3
50,62,3
50,61,3
69,84,3
60,86,3
64,78,3
173,181,3
200,218,3
21,17,3
35,28,3
21,18,3
188,190,3
63,83,3
59,35,3
171,165,3
21,22,3
21,23,3
30,37,3
38,46,3
52,58,3
38,50,3
30,39,3
63,88,3
51,76,3
28,42,3
58,77,3
173,194,3
34,45,3
47,74,3
47,71,3
68,37,3
38,51,3
68,64,3
42,55,3
22,22,3
48,56,3
22,21,3
34,40,3
68,68,3
62,84,3
48,39,3
68,62,3
61,36,3
48,59,3
68,61,3
48,55,3
20,23,3
48,54,3
68,56,3
48,41,3
68,53,3
165,167,3
141,117,2
98,136,2
141,118,2
141,110,2
98,111,2
141,124,2
196,196,2
99,151,2
98,139,2
141,144,2
40,57,2
98,130,2
98,129,2
41,31,2
41,29,2
196,194,2
99,143,2
41,22,2
99,131,2
141,149,2
141,137,2
99,83,2
141,141,2
99,106,2
69,102,2
100,79,2
100,80,2
102,135,2
102,127,2
139,143,2
102,125,2
102,122,2
38,27,2
102,117,2
102,113,2
102,112,2
102,111,2
200,194,2
38,55,2
200,189,2
102,103,2
102,99,2
102,137,2
139,133,2
139,130,2
37,55,2
36,57,2
104,111,2
36,63,2
204,179,2
37,30,2
37,52,2
104,88,2
139,126,2
138,194,2
104,70,2
37,61,2
103,120,2
103,114,2
139,123,2
39,31,2
39,48,2
102,93,2
40,31,2
140,131,2
100,120,2
140,135,2
40,23,2
40,29,2
100,105,2
100,99,2
100,126,2
100,97,2
140,153,2
40,55,2
100,86,2
140,155,2
140,161,2
39,68,2
100,127,2
39,50,2
100,164,2
102,91,2
39,52,2
102,89,2
39,56,2
102,84,2
102,45,2
39,65,2
100,130,2
100,145,2
100,141,2
100,136,2
100,135,2
100,134,2
39,67,2
101,138,2
43,60,2
41,61,2
145,174,2
145,192,2
92,56,2
91,130,2
146,126,2
91,117,2
91,113,2
147,96,2
47,69,2
91,98,2
91,96,2
91,94,2
47,70,2
188,247,2
147,121,2
91,84,2
91,80,2
47,76,2
147,129,2
147,130,2
92,72,2
92,76,2
41,63,2
47,60,2
93,100,2
45,104,2
93,95,2
93,91,2
93,90,2
93,88,2
145,141,2
145,147,2
145,149,2
46,37,2
46,59,2
46,60,2
46,64,2
47,31,2
47,37,2
47,56,2
47,58,2
145,171,2
92,78,2
147,131,2
147,135,2
47,88,2
90,121,2
89,78,2
50,58,2
149,136,2
149,139,2
50,59,2
88,126,2
50,65,2
88,112,2
88,108,2
186,175,2
186,174,2
88,102,2
186,161,2
186,158,2
51,30,2
51,35,2
186,112,2
88,83,2
88,79,2
50,57,2
89,80,2
50,40,2
49,70,2
90,111,2
90,108,2
90,95,2
48,60,2
48,67,2
90,89,2
49,35,2
49,39,2
90,73,2
89,94,2
147,163,2
90,59,2
147,169,2
49,92,2
89,109,2
89,104,2
186,190,2
50,38,2
145,128,2
93,104,2
191,165,2
96,75,2
143,67,2
97,90,2
96,143,2
96,135,2
96,134,2
42,57,2
96,122,2
96,120,2
143,128,2
96,114,2
96,107,2
43,30,2
96,97,2
96,93,2
96,91,2
104,118,2
43,62,2
96,83,2
96,82,2
142,157,2
97,112,2
97,140,2
194,213,2
98,103,2
98,101,2
196,173,2
98,99,2
41,87,2
98,89,2
42,29,2
42,30,2
141,161,2
142,137,2
42,50,2
98,79,2
98,78,2
141,194,2
42,52,2
142,113,2
142,135,2
98,47,2
96,80,2
193,198,2
93,137,2
96,71,2
44,56,2
44,58,2
94,109,2
44,59,2
94,107,2
94,97,2
45,60,2
143,223,2
45,69,2
45,71,2
45,73,2
94,79,2
94,75,2
94,73,2
94,71,2
94,70,2
94,63,2
94,61,2
144,146,2
94,122,2
94,124,2
94,126,2
95,121,2
96,68,2
96,61,2
96,59,2
96,58,2
96,53,2
95,132,2
43,76,2
95,124,2
143,147,2
94,128,2
95,96,2
95,90,2
44,33,2
143,155,2
95,77,2
44,35,2
94,141,2
94,135,2
36,55,2
106,144,2
104,119,2
118,113,2
118,145,2
118,141,2
24,19,2
130,96,2
118,125,2
118,123,2
24,22,2
24,35,2
118,117,2
118,112,2
117,145,2
118,110,2
118,109,2
118,108,2
130,118,2
130,120,2
118,100,2
130,123,2
25,22,2
130,137,2
118,158,2
129,182,2
118,178,2
119,49,2
129,121,2
22,39,2
129,125,2
129,126,2
119,169,2
129,131,2
119,151,2
119,147,2
119,141,2
23,19,2
129,135,2
119,125,2
119,122,2
119,121,2
119,120,2
119,114,2
23,27,2
129,151,2
23,31,2
130,147,2
117,141,2
120,117,2
116,114,2
116,128,2
26,27,2
26,33,2
116,123,2
131,127,2
26,43,2
116,117,2
131,130,2
116,115,2
116,112,2
130,165,2
116,110,2
131,133,2
116,108,2
232,204,2
116,104,2
116,101,2
131,137,2
116,94,2
116,93,2
116,131,2
26,22,2
26,21,2
131,123,2
117,137,2
25,30,2
117,121,2
117,120,2
117,118,2
117,116,2
25,32,2
25,38,2
117,109,2
117,108,2
25,45,2
26,18,2
131,118,2
116,173,2
116,156,2
116,149,2
116,147,2
116,143,2
26,20,2
120,112,2
120,119,2
115,176,2
123,145,2
127,108,2
18,19,2
127,110,2
124,117,2
124,115,2
127,112,2
18,21,2
123,188,2
127,119,2
123,141,2
19,22,2
123,140,2
123,135,2
123,134,2
123,133,2
127,127,2
127,128,2
123,125,2
127,130,2
123,112,2
124,124,2
127,106,2
124,130,2
127,102,2
125,171,2
14,14,2
126,102,2
126,121,2
125,128,2
16,15,2
126,131,2
125,118,2
16,56,2
125,114,2
125,112,2
126,137,2
126,147,2
124,184,2
126,151,2
124,158,2
124,153,2
126,161,2
124,137,2
123,108,2
127,142,2
120,120,2
128,143,2
21,28,2
128,129,2
121,116,2
247,210,2
128,133,2
121,110,2
121,106,2
121,104,2
121,103,2
120,175,2
127,147,2
128,171,2
128,178,2
120,153,2
120,138,2
120,133,2
120,132,2
129,103,2
129,114,2
120,122,2
121,126,2
121,130,2
121,131,2
21,27,2
122,145,2
122,144,2
122,141,2
127,151,2
20,19,2
122,133,2
127,157,2
127,165,2
20,20,2
20,27,2
122,115,2
122,114,2
122,113,2
122,112,2
128,112,2
255,204,2
121,147,2
121,141,2
121,135,2
27,25,2
115,159,2
138,147,2
212,220,2
108,133,2
108,128,2
33,24,2
108,119,2
33,48,2
108,112,2
108,111,2
108,109,2
108,102,2
212,203,2
107,106,2
212,198,2
136,143,2
108,69,2
108,55,2
136,161,2
107,130,2
136,171,2
107,120,2
136,208,2
136,135,2
108,137,2
108,145,2
108,157,2
110,127,2
110,126,2
110,122,2
110,121,2
110,111,2
32,41,2
32,45,2
135,143,2
110,70,2
135,151,2
109,192,2
135,162,2
135,164,2
109,112,2
109,110,2
135,192,2
136,132,2
108,164,2
108,159,2
107,115,2
107,104,2
31,53,2
138,117,2
106,68,2
206,241,2
36,28,2
137,147,2
137,149,2
105,110,2
137,173,2
137,202,2
36,46,2
138,118,2
107,100,2
104,159,2
104,147,2
104,143,2
206,204,2
104,136,2
138,133,2
104,131,2
104,128,2
36,52,2
106,73,2
106,75,2
137,137,2
137,133,2
34,30,2
137,116,2
34,42,2
106,139,2
137,124,2
106,130,2
34,46,2
34,47,2
34,49,2
106,122,2
34,53,2
34,55,2
137,128,2
35,22,2
35,27,2
35,30,2
137,131,2
35,49,2
35,52,2
110,128,2
135,134,2
115,153,2
114,98,2
28,23,2
114,119,2
28,37,2
114,114,2
114,113,2
28,39,2
229,149,2
114,102,2
133,86,2
133,100,2
113,131,2
114,94,2
114,93,2
133,118,2
133,120,2
133,124,2
29,23,2
113,161,2
113,151,2
133,134,2
28,22,2
229,192,2
114,128,2
28,17,2
27,32,2
115,134,2
115,132,2
27,35,2
131,153,2
131,157,2
115,118,2
132,115,2
27,38,2
132,119,2
132,121,2
132,124,2
114,164,2
114,163,2
114,153,2
114,151,2
114,147,2
114,141,2
114,138,2
133,139,2
133,141,2
31,49,2
135,114,2
134,143,2
31,21,2
111,128,2
111,124,2
111,121,2
134,179,2
111,119,2
111,118,2
111,108,2
31,37,2
113,122,2
135,116,2
31,43,2
111,94,2
135,126,2
135,127,2
31,44,2
110,155,2
135,132,2
110,143,2
30,46,2
134,139,2
112,93,2
112,96,2
113,114,2
133,145,2
113,111,2
133,151,2
113,98,2
112,166,2
112,159,2
112,157,2
133,165,2
133,167,2
112,133,2
112,127,2
112,122,2
112,115,2
30,25,2
112,111,2
112,107,2
112,104,2
30,43,2
51,75,2
125,149,2
73,85,2
84,51,2
156,145,2
55,94,2
84,70,2
72,85,2
84,71,2
84,72,2
84,73,2
79,118,2
79,115,2
66,85,2
180,169,2
75,94,2
167,164,2
66,102,2
55,81,2
55,78,2
66,104,2
167,155,2
167,151,2
79,102,2
55,32,2
159,194,2
79,100,2
72,86,2
75,90,2
174,204,2
63,78,2
73,58,2
66,75,2
59,84,2
73,55,2
170,190,2
83,88,2
153,143,2
63,110,2
63,108,2
59,86,2
73,51,2
63,102,2
72,114,2
63,92,2
155,190,2
155,192,2
55,96,2
83,102,2
80,45,2
153,134,2
72,102,2
162,163,2
63,84,2
180,184,2
67,35,2
66,51,2
151,164,2
60,62,2
85,69,2
60,64,2
151,157,2
60,66,2
159,156,2
159,153,2
163,134,2
79,69,2
85,76,2
151,155,2
54,46,2
60,80,2
54,44,2
85,80,2
159,151,2
163,143,2
54,36,2
163,144,2
79,66,2
166,161,2
67,92,2
85,87,2
151,161,2
159,157,2
180,200,2
151,169,2
167,141,2
59,98,2
75,106,2
181,156,2
159,181,2
159,170,2
54,72,2
181,157,2
151,202,2
72,66,2
181,161,2
166,207,2
79,89,2
174,161,2
159,165,2
67,86,2
76,39,2
79,85,2
58,64,2
60,48,2
159,163,2
60,50,2
79,81,2
66,58,2
73,64,2
76,63,2
81,111,2
161,135,2
74,75,2
169,149,2
161,132,2
65,41,2
82,51,2
169,145,2
155,139,2
82,66,2
65,49,2
74,64,2
65,52,2
74,62,2
161,155,2
57,84,2
82,70,2
57,80,2
82,74,2
161,159,2
161,160,2
57,76,2
57,74,2
57,73,2
74,114,2
81,108,2
80,123,2
81,106,2
74,91,2
81,74,2
58,50,2
81,76,2
74,94,2
81,67,2
58,45,2
58,39,2
161,151,2
81,81,2
81,83,2
74,85,2
74,100,2
74,102,2
155,129,2
81,64,2
177,159,2
177,166,2
57,96,2
81,61,2
177,171,2
57,88,2
169,176,2
74,49,2
57,41,2
59,80,2
80,85,2
65,96,2
59,37,2
59,39,2
65,102,2
64,54,2
83,65,2
83,69,2
56,67,2
64,48,2
83,73,2
178,196,2
56,50,2
56,48,2
56,47,2
65,114,2
64,47,2
83,79,2
65,116,2
168,161,2
59,72,2
59,76,2
66,45,2
80,72,2
82,183,2
153,157,2
155,153,2
73,83,2
155,154,2
161,161,2
57,38,2
75,41,2
155,166,2
75,45,2
73,94,2
82,91,2
65,83,2
82,93,2
56,77,2
65,87,2
178,190,2
75,55,2
153,170,2
56,71,2
176,176,2
82,106,2
160,176,2
153,169,2
153,167,2
58,96,2
64,58,2
71,89,2
58,60,2
86,106,2
87,94,2
87,87,2
62,78,2
86,95,2
62,68,2
62,69,2
172,181,2
77,65,2
77,93,2
61,88,2
87,82,2
70,92,2
62,76,2
184,167,2
164,73,2
87,80,2
69,96,2
61,89,2
62,80,2
62,66,2
77,70,2
53,37,2
53,44,2
53,40,2
53,39,2
87,92,2
157,155,2
87,91,2
70,115,2
163,173,2
61,82,2
69,126,2
53,35,2
77,87,2
62,81,2
86,85,2
163,178,2
86,87,2
52,62,2
77,61,2
78,61,2
77,102,2
69,34,2
61,92,2
69,35,2
87,77,2
87,75,2
86,135,2
77,98,2
165,155,2
157,184,2
69,47,2
157,186,2
87,73,2
69,56,2
76,110,2
76,119,2
69,89,2
86,127,2
76,100,2
70,84,2
76,98,2
76,95,2
76,96,2
68,96,2
157,167,2
87,78,2
78,49,2
77,94,2
77,53,2
165,160,2
69,94,2
86,109,2
86,110,2
68,102,2
86,116,2
151,104,2
86,122,2
62,86,2
61,78,2
159,149,2
157,128,2
53,90,2
163,151,2
62,51,2
157,151,2
182,158,2
78,114,2
165,187,2
87,111,2
67,104,2
51,82,2
67,106,2
172,157,2
151,141,2
63,30,2
87,116,2
78,98,2
85,98,2
88,67,2
79,45,2
165,188,2
157,145,2
149,162,2
171,161,2
87,121,2
87,109,2
157,135,2
63,50,2
87,102,2
173,168,2
62,56,2
61,47,2
149,167,2
53,76,2
68,77,2
88,53,2
157,137,2
61,45,2
166,158,2
149,158,2
69,110,2
157,127,2
87,103,2
63,39,2
79,61,2
87,104,2
69,98,2
53,84,2
171,162,2
79,59,2
157,154,2
51,81,2
85,106,2
131,138,1
159,86,1
159,99,1
159,98,1
135,136,1
219,163,1
132,120,1
160,183,1
159,100,1
159,116,1
132,125,1
218,216,1
135,104,1
160,171,1
132,126,1
132,128,1
135,100,1
170,143,1
220,147,1
160,189,1
131,142,1
131,180,1
135,133,1
161,114,1
161,137,1
161,125,1
131,167,1
158,158,1
131,143,1
172,106,1
160,159,1
171,221,1
131,147,1
161,134,1
222,216,1
135,137,1
131,159,1
131,165,1
221,191,1
232,149,1
135,125,1
132,67,1
219,230,1
132,114,1
132,112,1
159,77,1
170,153,1
132,103,1
135,135,1
132,82,1
161,143,1
161,141,1
220,181,1
158,192,1
172,129,1
222,235,1
135,131,1
172,118,1
220,252,1
135,96,1
133,159,1
132,130,1
133,138,1
224,247,1
159,167,1
224,226,1
224,223,1
159,186,1
171,169,1
171,172,1
223,222,1
133,133,1
171,185,1
171,186,1
133,132,1
171,192,1
223,151,1
227,190,1
133,128,1
133,125,1
134,118,1
134,119,1
159,217,1
133,119,1
171,146,1
133,114,1
134,114,1
159,166,1
133,112,1
133,140,1
133,154,1
226,251,1
133,153,1
171,149,1
133,149,1
133,147,1
133,163,1
171,159,1
159,152,1
171,160,1
133,177,1
133,188,1
226,206,1
134,81,1
226,153,1
133,144,1
225,204,1
134,101,1
133,143,1
225,153,1
224,280,1
134,102,1
224,253,1
171,194,1
134,124,1
135,72,1
170,170,1
133,156,1
170,169,1
170,167,1
134,171,1
132,186,1
132,176,1
132,163,1
132,159,1
159,136,1
132,153,1
132,142,1
229,224,1
159,133,1
170,165,1
230,145,1
170,158,1
132,131,1
159,132,1
230,206,1
231,166,1
135,67,1
159,125,1
160,155,1
134,167,1
134,165,1
133,111,1
134,159,1
133,110,1
133,106,1
160,106,1
134,127,1
160,139,1
134,128,1
160,143,1
133,81,1
134,129,1
133,71,1
134,134,1
134,135,1
228,125,1
134,137,1
160,145,1
132,198,1
171,145,1
171,111,1
170,223,1
170,198,1
171,200,1
134,147,1
134,149,1
133,142,1
186,82,1
170,122,1
256,257,1
165,169,1
127,171,1
263,233,1
163,159,1
127,174,1
127,186,1
263,222,1
256,202,1
131,134,1
165,171,1
165,175,1
165,178,1
165,180,1
255,231,1
127,189,1
127,190,1
127,159,1
165,166,1
163,161,1
163,162,1
127,134,1
127,136,1
163,190,1
127,137,1
266,356,1
163,189,1
127,138,1
163,188,1
265,159,1
163,174,1
264,159,1
163,166,1
163,165,1
127,149,1
163,164,1
128,63,1
128,80,1
128,82,1
128,127,1
128,128,1
255,158,1
253,211,1
251,269,1
251,163,1
247,286,1
128,132,1
166,159,1
247,147,1
163,147,1
128,137,1
128,139,1
128,142,1
163,141,1
128,146,1
166,155,1
166,151,1
128,108,1
128,124,1
128,109,1
165,198,1
128,114,1
128,115,1
165,204,1
128,117,1
165,226,1
128,118,1
165,265,1
166,88,1
166,110,1
166,130,1
128,121,1
128,123,1
166,134,1
271,170,1
127,133,1
163,220,1
126,129,1
329,269,1
328,289,1
164,171,1
164,168,1
164,167,1
126,132,1
126,133,1
164,164,1
328,239,1
164,163,1
126,149,1
164,161,1
126,153,1
164,154,1
325,308,1
164,177,1
164,179,1
164,149,1
340,322,1
126,69,1
126,86,1
376,247,1
376,218,1
165,126,1
165,121,1
351,221,1
126,108,1
126,110,1
126,114,1
126,117,1
165,87,1
126,125,1
126,126,1
344,348,1
325,286,1
164,145,1
163,222,1
127,113,1
165,158,1
275,161,1
127,121,1
127,122,1
127,123,1
273,237,1
165,161,1
127,124,1
165,164,1
127,125,1
165,165,1
164,122,1
127,126,1
272,172,1
164,114,1
127,115,1
276,253,1
302,216,1
165,151,1
300,167,1
126,190,1
126,204,1
294,312,1
290,193,1
165,135,1
127,67,1
288,177,1
127,98,1
165,136,1
284,300,1
165,138,1
281,170,1
165,141,1
277,169,1
128,149,1
128,169,1
128,170,1
235,221,1
130,153,1
130,155,1
169,88,1
169,92,1
130,175,1
218,126,1
130,177,1
169,94,1
130,178,1
130,189,1
131,77,1
131,79,1
131,82,1
131,86,1
131,88,1
130,145,1
168,205,1
131,95,1
168,193,1
237,111,1
167,229,1
167,265,1
130,116,1
168,100,1
130,117,1
235,237,1
235,224,1
168,168,1
168,172,1
130,121,1
130,122,1
168,174,1
130,125,1
130,126,1
161,183,1
161,181,1
167,198,1
169,147,1
169,157,1
131,129,1
234,157,1
169,158,1
169,163,1
169,177,1
169,181,1
233,242,1
169,182,1
233,216,1
169,185,1
169,187,1
169,190,1
169,192,1
170,108,1
169,153,1
131,125,1
161,178,1
169,144,1
161,175,1
161,173,1
161,171,1
234,276,1
161,165,1
131,105,1
234,163,1
131,110,1
131,111,1
234,162,1
131,120,1
161,158,1
131,121,1
161,157,1
169,123,1
167,217,1
237,269,1
163,130,1
129,115,1
167,104,1
167,106,1
167,131,1
245,253,1
129,117,1
245,209,1
245,179,1
245,137,1
129,122,1
167,143,1
240,172,1
167,150,1
129,127,1
129,128,1
239,218,1
129,116,1
162,178,1
239,112,1
129,112,1
163,108,1
128,186,1
163,104,1
163,99,1
129,82,1
163,81,1
163,78,1
247,143,1
129,93,1
129,96,1
163,75,1
162,188,1
166,190,1
129,104,1
129,110,1
129,132,1
167,165,1
167,192,1
162,136,1
129,167,1
129,169,1
162,135,1
129,179,1
161,214,1
129,186,1
161,208,1
161,204,1
129,189,1
161,203,1
161,186,1
129,194,1
130,81,1
130,84,1
130,114,1
129,166,1
129,165,1
129,133,1
129,158,1
129,134,1
167,180,1
238,239,1
129,141,1
129,142,1
129,143,1
167,182,1
167,183,1
162,176,1
129,145,1
129,149,1
238,157,1
162,174,1
129,150,1
162,148,1
135,139,1
173,180,1
172,149,1
143,180,1
143,173,1
192,192,1
151,188,1
151,182,1
192,191,1
143,178,1
192,190,1
192,187,1
151,170,1
192,183,1
192,182,1
151,181,1
192,150,1
151,178,1
151,173,1
143,198,1
152,151,1
152,152,1
180,246,1
152,157,1
192,218,1
143,148,1
192,216,1
192,202,1
180,171,1
192,200,1
180,173,1
180,183,1
143,159,1
143,160,1
165,134,1
143,171,1
180,189,1
143,172,1
180,202,1
151,172,1
192,134,1
145,151,1
181,224,1
181,186,1
181,192,1
191,151,1
181,196,1
181,198,1
190,220,1
145,133,1
151,149,1
192,122,1
190,213,1
182,94,1
190,208,1
145,140,1
145,142,1
145,143,1
145,145,1
145,125,1
145,116,1
181,178,1
145,101,1
151,166,1
192,119,1
144,71,1
151,156,1
192,116,1
144,116,1
144,123,1
181,175,1
144,130,1
144,139,1
191,215,1
151,153,1
144,147,1
144,153,1
144,159,1
192,222,1
192,265,1
143,145,1
179,183,1
179,149,1
143,75,1
143,84,1
153,144,1
143,89,1
143,90,1
179,172,1
143,91,1
180,170,1
143,93,1
194,202,1
179,198,1
143,108,1
143,120,1
194,200,1
143,123,1
143,73,1
143,72,1
178,218,1
142,162,1
153,149,1
153,146,1
141,173,1
141,192,1
153,145,1
141,196,1
194,209,1
142,115,1
142,122,1
142,123,1
142,140,1
142,141,1
142,151,1
142,153,1
178,198,1
143,124,1
143,125,1
180,72,1
153,111,1
194,167,1
194,115,1
153,105,1
193,237,1
153,104,1
143,135,1
153,90,1
152,207,1
152,166,1
143,138,1
180,141,1
143,139,1
193,180,1
180,151,1
180,163,1
153,108,1
153,118,1
180,81,1
194,173,1
153,139,1
194,190,1
180,90,1
143,129,1
194,188,1
153,136,1
194,183,1
194,181,1
143,130,1
194,177,1
194,174,1
153,135,1
143,133,1
153,131,1
153,121,1
182,181,1
145,153,1
172,151,1
186,200,1
187,185,1
186,218,1
186,213,1
147,155,1
184,184,1
147,159,1
186,208,1
149,189,1
148,148,1
147,174,1
147,180,1
147,181,1
147,216,1
148,102,1
148,125,1
148,133,1
149,193,1
149,196,1
150,138,1
187,192,1
147,150,1
147,151,1
188,188,1
151,116,1
147,152,1
184,178,1
151,101,1
188,182,1
188,178,1
151,95,1
188,173,1
188,165,1
188,94,1
187,202,1
151,94,1
148,138,1
149,177,1
145,157,1
149,170,1
149,143,1
185,178,1
149,151,1
149,171,1
149,154,1
149,155,1
185,190,1
186,171,1
148,155,1
186,168,1
186,162,1
149,169,1
186,144,1
149,164,1
149,160,1
186,84,1
185,173,1
149,172,1
149,129,1
185,169,1
186,198,1
186,196,1
186,194,1
184,197,1
184,200,1
148,157,1
184,206,1
184,257,1
149,119,1
149,120,1
185,107,1
149,123,1
149,126,1
149,127,1
185,110,1
151,118,1
147,147,1
147,146,1
189,172,1
190,177,1
190,175,1
190,174,1
190,151,1
151,134,1
189,194,1
189,175,1
182,184,1
184,174,1
151,132,1
182,194,1
151,131,1
151,130,1
151,127,1
182,195,1
145,173,1
145,170,1
151,136,1
190,187,1
190,190,1
190,202,1
145,158,1
151,144,1
145,161,1
145,163,1
145,164,1
151,143,1
151,142,1
145,166,1
190,194,1
145,167,1
190,192,1
151,138,1
151,137,1
190,191,1
182,208,1
145,185,1
145,191,1
147,122,1
184,102,1
151,126,1
184,160,1
188,218,1
188,217,1
151,122,1
147,133,1
188,214,1
147,138,1
147,139,1
147,141,1
151,120,1
188,208,1
188,200,1
188,198,1
147,123,1
184,74,1
182,210,1
183,204,1
182,212,1
145,224,1
146,82,1
146,92,1
146,177,1
147,94,1
189,144,1
147,107,1
147,110,1
147,116,1
182,216,1
182,235,1
183,172,1
183,180,1
183,183,1
141,165,1
141,162,1
153,151,1
137,132,1
210,196,1
210,193,1
137,129,1
210,131,1
157,131,1
137,130,1
208,233,1
208,200,1
174,92,1
208,147,1
208,98,1
174,80,1
207,213,1
137,134,1
206,300,1
206,243,1
210,200,1
210,206,1
210,216,1
210,233,1
137,104,1
137,108,1
173,176,1
185,206,1
173,188,1
137,119,1
173,200,1
173,208,1
137,126,1
173,220,1
173,239,1
174,76,1
210,260,1
157,140,1
157,139,1
137,141,1
174,118,1
153,153,1
206,175,1
157,82,1
138,149,1
156,162,1
156,156,1
138,153,1
174,206,1
138,155,1
206,98,1
174,141,1
206,97,1
205,224,1
204,245,1
204,202,1
204,194,1
156,123,1
156,73,1
138,145,1
138,139,1
206,185,1
138,137,1
206,209,1
174,149,1
137,151,1
137,184,1
206,208,1
138,111,1
174,157,1
174,160,1
138,120,1
174,164,1
157,92,1
138,128,1
174,184,1
174,193,1
138,134,1
137,100,1
173,170,1
137,96,1
135,169,1
172,172,1
135,157,1
172,178,1
172,179,1
135,167,1
135,168,1
214,233,1
135,170,1
137,64,1
135,180,1
135,202,1
136,116,1
136,123,1
136,126,1
136,129,1
158,156,1
135,155,1
135,152,1
158,157,1
215,147,1
172,153,1
172,154,1
218,110,1
217,192,1
216,222,1
172,165,1
216,210,1
216,161,1
216,131,1
135,142,1
172,170,1
135,144,1
135,145,1
216,125,1
135,148,1
172,184,1
136,134,1
158,137,1
157,161,1
157,156,1
210,314,1
136,145,1
136,147,1
136,149,1
172,218,1
136,153,1
173,112,1
136,155,1
173,147,1
136,168,1
173,149,1
173,161,1
136,235,1
137,62,1
157,159,1
212,237,1
158,136,1
213,137,1
214,229,1
158,112,1
158,109,1
214,209,1
158,67,1
157,188,1
157,185,1
214,198,1
157,169,1
214,188,1
213,227,1
213,218,1
213,176,1
157,162,1
213,163,1
204,139,1
204,106,1
155,198,1
153,183,1
177,195,1
140,235,1
153,223,1
153,202,1
141,108,1
141,112,1
141,115,1
153,179,1
140,127,1
141,125,1
197,164,1
141,127,1
141,128,1
141,130,1
141,131,1
177,197,1
154,183,1
154,210,1
155,92,1
155,110,1
140,128,1
199,199,1
177,95,1
198,226,1
198,224,1
140,138,1
198,221,1
177,147,1
198,185,1
198,167,1
155,124,1
155,123,1
177,191,1
140,141,1
198,100,1
197,94,1
141,135,1
141,136,1
178,180,1
178,191,1
141,157,1
196,189,1
196,174,1
153,165,1
153,163,1
141,159,1
153,160,1
196,147,1
195,185,1
194,253,1
141,160,1
153,156,1
194,241,1
178,194,1
196,192,1
153,174,1
141,138,1
178,174,1
141,140,1
196,237,1
177,212,1
177,216,1
196,217,1
141,145,1
196,213,1
141,147,1
177,218,1
178,74,1
196,211,1
196,208,1
178,113,1
153,175,1
178,172,1
176,249,1
176,200,1
204,90,1
202,187,1
174,224,1
175,155,1
202,226,1
175,160,1
155,179,1
139,135,1
202,197,1
202,139,1
155,131,1
202,121,1
175,183,1
201,228,1
175,198,1
175,202,1
155,173,1
139,145,1
139,129,1
139,127,1
203,175,1
139,124,1
138,170,1
155,193,1
138,172,1
204,88,1
138,198,1
139,68,1
139,69,1
139,88,1
139,92,1
139,113,1
139,114,1
139,116,1
203,187,1
139,120,1
139,122,1
175,204,1
176,139,1
155,170,1
155,138,1
155,135,1
139,155,1
139,157,1
139,159,1
139,161,1
139,163,1
139,168,1
139,176,1
139,183,1
139,187,1
139,188,1
140,75,1
140,120,1
155,134,1
140,123,1
200,84,1
200,131,1
176,145,1
200,178,1
176,167,1
155,169,1
139,151,1
200,192,1
200,190,1
176,179,1
200,185,1
200,184,1
155,165,1
155,162,1
155,158,1
155,151,1
176,192,1
155,145,1
155,142,1
192,197,1
12,50,1
125,157,1
67,47,1
66,83,1
66,92,1
66,93,1
66,106,1
66,110,1
66,114,1
66,119,1
67,39,1
67,42,1
67,52,1
67,126,1
67,56,1
67,87,1
67,91,1
67,94,1
67,98,1
67,100,1
67,110,1
67,115,1
67,120,1
66,77,1
66,76,1
66,49,1
66,48,1
64,283,1
65,37,1
65,39,1
65,43,1
65,45,1
65,46,1
65,91,1
65,92,1
65,93,1
65,98,1
65,104,1
65,108,1
65,110,1
65,112,1
65,122,1
65,123,1
66,40,1
66,41,1
66,47,1
67,122,1
67,134,1
70,104,1
70,49,1
69,111,1
69,112,1
69,118,1
69,120,1
69,160,1
70,34,1
70,36,1
70,45,1
70,46,1
70,53,1
67,204,1
70,57,1
70,58,1
70,60,1
70,83,1
70,85,1
70,88,1
70,90,1
70,94,1
70,98,1
69,109,1
69,92,1
69,90,1
69,88,1
67,225,1
68,35,1
68,36,1
68,45,1
68,51,1
68,52,1
68,55,1
68,58,1
68,60,1
68,78,1
68,86,1
68,91,1
68,98,1
68,100,1
68,125,1
68,126,1
69,41,1
69,49,1
69,83,1
64,119,1
64,100,1
64,96,1
61,48,1
60,94,1
60,104,1
60,106,1
60,109,1
60,110,1
61,35,1
61,37,1
61,38,1
61,39,1
61,50,1
64,94,1
61,54,1
61,83,1
61,84,1
61,87,1
61,91,1
61,93,1
61,96,1
61,98,1
61,100,1
60,92,1
60,88,1
60,83,1
60,79,1
58,121,1
59,31,1
59,38,1
59,42,1
59,43,1
59,48,1
59,89,1
59,90,1
59,92,1
59,100,1
59,104,1
59,108,1
60,39,1
60,45,1
60,47,1
60,56,1
60,60,1
60,74,1
60,77,1
61,106,1
61,112,1
62,29,1
63,94,1
63,100,1
63,106,1
63,115,1
63,193,1
64,32,1
64,42,1
64,51,1
64,53,1
64,75,1
64,77,1
64,79,1
64,82,1
64,83,1
64,86,1
64,87,1
64,88,1
64,89,1
64,90,1
64,91,1
63,98,1
63,77,1
62,36,1
63,45,1
62,39,1
62,45,1
62,46,1
62,47,1
62,49,1
62,52,1
62,54,1
62,72,1
62,83,1
62,87,1
62,88,1
62,89,1
62,90,1
62,91,1
62,96,1
62,98,1
63,35,1
63,41,1
63,44,1
70,102,1
70,107,1
58,88,1
79,104,1
78,102,1
78,106,1
78,110,1
78,113,1
78,236,1
79,43,1
79,57,1
79,63,1
79,91,1
79,108,1
80,95,1
79,110,1
79,127,1
79,135,1
80,37,1
80,44,1
80,51,1
80,64,1
80,65,1
80,81,1
78,92,1
78,91,1
78,89,1
78,77,1
77,64,1
77,68,1
77,85,1
77,97,1
77,104,1
77,106,1
77,110,1
77,114,1
77,115,1
77,116,1
77,128,1
77,155,1
78,42,1
78,45,1
78,51,1
78,53,1
78,56,1
78,59,1
78,66,1
80,89,1
80,106,1
70,108,1
82,108,1
81,139,1
81,147,1
82,47,1
82,49,1
82,63,1
82,67,1
82,89,1
82,95,1
82,102,1
82,109,1
80,113,1
82,116,1
82,121,1
82,123,1
82,124,1
82,127,1
82,145,1
83,51,1
83,55,1
83,59,1
81,121,1
81,117,1
81,114,1
81,96,1
80,114,1
80,115,1
80,116,1
80,118,1
80,120,1
80,122,1
80,141,1
81,41,1
81,45,1
81,47,1
81,49,1
81,51,1
81,55,1
81,57,1
81,59,1
81,65,1
81,68,1
81,85,1
81,94,1
77,57,1
77,39,1
77,33,1
73,54,1
72,97,1
72,98,1
72,100,1
72,104,1
72,106,1
72,125,1
73,43,1
73,48,1
73,53,1
73,89,1
76,143,1
73,98,1
73,100,1
73,115,1
73,122,1
74,39,1
74,43,1
74,44,1
74,46,1
74,55,1
72,92,1
72,64,1
72,58,1
72,54,1
70,111,1
71,41,1
71,43,1
71,46,1
71,47,1
71,49,1
71,62,1
71,83,1
71,96,1
71,98,1
71,108,1
71,120,1
71,122,1
71,124,1
71,135,1
71,176,1
72,39,1
72,47,1
72,49,1
74,56,1
74,57,1
74,58,1
75,102,1
75,108,1
75,111,1
75,115,1
75,117,1
75,124,1
75,130,1
76,41,1
76,45,1
76,47,1
76,53,1
76,59,1
76,60,1
76,68,1
76,104,1
76,106,1
76,107,1
76,115,1
76,126,1
76,139,1
75,104,1
75,91,1
74,59,1
75,87,1
74,87,1
74,98,1
74,106,1
74,110,1
74,111,1
74,112,1
74,118,1
74,121,1
74,122,1
74,153,1
74,173,1
75,47,1
75,49,1
75,57,1
75,59,1
75,63,1
75,64,1
75,83,1
75,85,1
58,94,1
58,81,1
125,147,1
35,57,1
34,56,1
34,59,1
34,67,1
34,88,1
34,114,1
35,19,1
35,26,1
35,48,1
35,55,1
35,61,1
36,68,1
35,63,1
35,67,1
35,98,1
35,117,1
36,25,1
36,44,1
36,47,1
36,50,1
36,59,1
34,51,1
34,26,1
34,25,1
34,23,1
32,43,1
32,44,1
32,46,1
32,47,1
32,49,1
32,50,1
32,62,1
32,83,1
32,86,1
33,23,1
33,46,1
33,49,1
33,51,1
33,53,1
33,56,1
33,59,1
33,66,1
33,108,1
33,125,1
36,67,1
36,88,1
41,67,1
40,56,1
39,58,1
39,62,1
39,72,1
39,77,1
39,112,1
39,154,1
40,25,1
40,30,1
40,52,1
40,59,1
36,110,1
40,61,1
40,65,1
40,66,1
40,67,1
40,88,1
40,94,1
41,26,1
41,52,1
41,64,1
39,57,1
39,23,1
38,88,1
38,63,1
37,25,1
37,27,1
37,29,1
37,44,1
37,50,1
37,54,1
37,58,1
37,68,1
37,75,1
37,81,1
37,96,1
37,147,1
37,152,1
38,25,1
38,26,1
38,28,1
38,52,1
38,57,1
38,60,1
32,42,1
32,24,1
32,23,1
21,30,1
19,18,1
19,23,1
19,24,1
20,21,1
20,24,1
20,25,1
20,26,1
20,31,1
21,19,1
21,31,1
32,17,1
21,33,1
21,36,1
22,18,1
22,19,1
22,20,1
22,23,1
22,32,1
22,33,1
22,34,1
19,17,1
18,72,1
18,55,1
18,24,1
13,38,1
13,46,1
14,16,1
15,12,1
15,59,1
16,17,1
16,21,1
17,15,1
17,18,1
17,19,1
17,22,1
17,25,1
17,27,1
17,29,1
17,48,1
18,13,1
18,15,1
18,17,1
18,20,1
22,35,1
22,82,1
23,13,1
28,45,1
29,44,1
29,45,1
29,49,1
29,58,1
29,71,1
29,72,1
29,84,1
29,110,1
30,23,1
30,24,1
30,26,1
30,41,1
31,46,1
31,52,1
31,55,1
31,67,1
31,85,1
31,98,1
31,123,1
28,49,1
28,41,1
23,18,1
28,20,1
23,20,1
23,25,1
24,32,1
24,38,1
24,39,1
24,60,1
25,24,1
25,39,1
25,40,1
25,90,1
26,39,1
26,45,1
26,51,1
27,22,1
27,37,1
27,42,1
27,45,1
27,47,1
27,69,1
41,65,1
41,78,1
58,79,1
53,98,1
53,68,1
53,74,1
53,79,1
53,81,1
53,83,1
53,87,1
53,91,1
53,92,1
53,96,1
53,111,1
54,89,1
53,112,1
53,117,1
53,121,1
54,35,1
54,50,1
54,69,1
54,70,1
54,73,1
54,80,1
53,28,1
52,99,1
52,86,1
52,83,1
51,83,1
51,85,1
51,92,1
51,94,1
51,96,1
51,102,1
51,112,1
52,32,1
52,35,1
52,37,1
52,42,1
52,43,1
52,61,1
52,64,1
52,65,1
52,73,1
52,74,1
52,80,1
52,82,1
54,85,1
55,28,1
41,79,1
57,89,1
56,88,1
56,93,1
57,30,1
57,35,1
57,39,1
57,44,1
57,82,1
57,85,1
57,87,1
57,104,1
55,29,1
57,217,1
58,30,1
58,33,1
58,37,1
58,46,1
58,52,1
58,72,1
58,75,1
58,78,1
56,81,1
56,75,1
56,74,1
56,72,1
55,38,1
55,70,1
55,74,1
55,82,1
55,84,1
55,86,1
55,91,1
55,92,1
55,104,1
55,110,1
55,114,1
55,198,1
55,217,1
56,31,1
56,38,1
56,45,1
56,46,1
56,58,1
56,69,1
51,80,1
51,78,1
51,72,1
45,58,1
43,132,1
44,36,1
44,57,1
44,68,1
44,69,1
44,72,1
44,77,1
45,23,1
45,29,1
45,64,1
51,38,1
45,70,1
45,75,1
45,76,1
45,77,1
45,90,1
45,131,1
45,148,1
46,26,1
46,27,1
43,106,1
43,84,1
43,81,1
43,80,1
41,83,1
41,90,1
42,31,1
42,54,1
42,56,1
42,58,1
42,60,1
42,63,1
42,65,1
42,150,1
43,24,1
43,32,1
43,58,1
43,66,1
43,67,1
43,73,1
43,74,1
43,75,1
43,78,1
46,52,1
46,58,1
46,61,1
49,28,1
49,33,1
49,36,1
49,73,1
49,75,1
49,80,1
49,88,1
49,90,1
49,133,1
50,32,1
50,33,1
50,37,1
50,66,1
50,67,1
50,79,1
50,177,1
50,192,1
51,25,1
51,28,1
51,36,1
49,31,1
48,72,1
46,62,1
48,62,1
46,63,1
46,65,1
46,69,1
46,73,1
46,98,1
47,33,1
47,34,1
47,35,1
47,68,1
47,75,1
47,77,1
47,78,1
47,84,1
47,116,1
48,30,1
48,33,1
48,35,1
48,36,1
48,61,1
83,62,1
83,64,1
83,68,1
114,75,1
113,147,1
113,182,1
114,45,1
114,55,1
114,60,1
114,61,1
114,72,1
114,73,1
114,74,1
114,79,1
114,125,1
114,83,1
114,84,1
114,88,1
114,90,1
114,92,1
114,96,1
114,100,1
114,104,1
114,105,1
113,145,1
113,141,1
113,140,1
113,137,1
112,132,1
112,135,1
112,137,1
112,143,1
112,151,1
112,155,1
112,176,1
112,200,1
113,88,1
113,102,1
113,104,1
113,106,1
113,108,1
113,113,1
113,117,1
113,123,1
113,127,1
113,130,1
113,133,1
114,109,1
114,126,1
116,138,1
116,80,1
115,121,1
115,124,1
115,125,1
115,127,1
115,128,1
115,131,1
115,133,1
115,139,1
116,71,1
116,89,1
114,127,1
116,96,1
116,98,1
116,109,1
116,111,1
116,113,1
116,116,1
116,121,1
116,122,1
116,129,1
115,120,1
115,115,1
115,109,1
115,107,1
114,129,1
114,130,1
114,131,1
114,133,1
114,136,1
114,139,1
114,149,1
114,155,1
114,157,1
114,172,1
114,181,1
114,186,1
115,64,1
115,67,1
115,98,1
115,99,1
115,100,1
115,105,1
115,106,1
112,128,1
112,123,1
112,118,1
109,108,1
108,320,1
109,52,1
109,73,1
109,86,1
109,88,1
109,93,1
109,94,1
109,98,1
109,102,1
109,111,1
112,105,1
109,113,1
109,119,1
109,126,1
110,49,1
110,55,1
110,63,1
110,80,1
110,82,1
110,86,1
108,179,1
108,138,1
108,136,1
108,95,1
106,143,1
106,153,1
106,155,1
106,159,1
107,66,1
107,73,1
107,102,1
107,105,1
107,108,1
107,112,1
107,118,1
107,121,1
107,122,1
107,132,1
108,53,1
108,65,1
108,78,1
108,86,1
108,88,1
110,87,1
110,88,1
110,90,1
111,115,1
111,127,1
111,131,1
111,133,1
111,135,1
111,140,1
111,145,1
111,148,1
111,159,1
112,55,1
112,68,1
112,70,1
112,71,1
112,79,1
112,82,1
112,90,1
112,94,1
112,97,1
112,102,1
112,103,1
111,120,1
111,112,1
110,92,1
111,110,1
110,93,1
110,109,1
110,113,1
110,129,1
110,131,1
110,132,1
110,134,1
110,141,1
110,145,1
110,163,1
110,168,1
111,70,1
111,90,1
111,92,1
111,96,1
111,97,1
111,106,1
111,107,1
111,109,1
116,135,1
116,164,1
83,83,1
122,136,1
122,100,1
122,102,1
122,104,1
122,121,1
122,122,1
122,125,1
122,127,1
122,131,1
122,132,1
122,140,1
123,128,1
122,147,1
122,163,1
122,182,1
123,107,1
123,111,1
123,113,1
123,115,1
123,117,1
123,118,1
122,98,1
122,75,1
122,66,1
121,187,1
121,108,1
121,113,1
121,117,1
121,119,1
121,120,1
121,124,1
121,129,1
121,133,1
121,136,1
121,137,1
121,139,1
121,140,1
121,149,1
121,153,1
121,157,1
121,159,1
121,162,1
121,163,1
121,174,1
123,122,1
123,129,1
116,177,1
125,125,1
125,68,1
125,79,1
125,102,1
125,108,1
125,109,1
125,110,1
125,119,1
125,120,1
125,121,1
125,126,1
123,131,1
125,130,1
125,131,1
125,133,1
125,134,1
125,136,1
125,137,1
125,138,1
125,144,1
125,145,1
124,180,1
124,168,1
124,157,1
124,150,1
123,137,1
123,143,1
123,149,1
123,151,1
123,153,1
123,164,1
123,178,1
124,77,1
124,106,1
124,108,1
124,114,1
124,118,1
124,123,1
124,126,1
124,131,1
124,132,1
124,135,1
124,143,1
124,145,1
121,105,1
121,102,1
121,98,1
118,105,1
118,75,1
118,78,1
118,79,1
118,82,1
118,89,1
118,90,1
118,96,1
118,102,1
118,104,1
118,107,1
121,96,1
118,111,1
118,124,1
118,126,1
118,128,1
118,131,1
118,133,1
118,143,1
118,161,1
118,164,1
118,72,1
118,68,1
118,66,1
118,53,1
117,64,1
117,82,1
117,94,1
117,96,1
117,100,1
117,107,1
117,119,1
117,125,1
117,127,1
117,129,1
117,130,1
117,131,1
117,132,1
117,133,1
117,136,1
117,138,1
117,140,1
117,147,1
118,51,1
118,184,1
119,73,1
119,81,1
120,107,1
120,111,1
120,115,1
120,121,1
120,123,1
120,124,1
120,125,1
120,127,1
120,129,1
120,130,1
120,135,1
120,136,1
120,143,1
120,155,1
120,157,1
120,159,1
120,162,1
120,190,1
121,88,1
121,90,1
120,110,1
120,106,1
119,82,1
120,96,1
119,98,1
119,102,1
119,104,1
119,110,1
119,118,1
119,119,1
119,124,1
119,126,1
119,127,1
119,129,1
119,131,1
119,132,1
119,134,1
119,145,1
119,157,1
119,204,1
120,75,1
120,84,1
120,88,1
106,141,1
106,137,1
106,136,1
91,51,1
90,129,1
90,136,1
90,141,1
90,148,1
90,153,1
90,170,1
90,171,1
90,182,1
91,43,1
91,77,1
91,124,1
91,79,1
91,81,1
91,83,1
91,85,1
91,102,1
91,105,1
91,107,1
91,110,1
91,114,1
90,120,1
90,119,1
90,117,1
90,114,1
89,89,1
89,92,1
89,108,1
89,112,1
89,116,1
89,125,1
89,136,1
89,139,1
89,169,1
90,43,1
90,47,1
90,51,1
90,57,1
90,60,1
90,71,1
90,74,1
90,76,1
13,37,1
90,97,1
91,116,1
92,47,1
106,135,1
93,107,1
93,73,1
93,74,1
93,76,1
93,86,1
93,89,1
93,92,1
93,93,1
93,101,1
93,106,1
93,126,1
92,51,1
93,133,1
94,52,1
94,57,1
94,58,1
94,69,1
94,74,1
94,76,1
94,77,1
94,81,1
93,72,1
93,67,1
93,39,1
92,163,1
92,53,1
92,67,1
92,69,1
92,71,1
92,73,1
92,75,1
92,79,1
92,93,1
92,107,1
92,111,1
92,114,1
92,115,1
92,117,1
92,118,1
92,127,1
92,128,1
92,131,1
92,137,1
92,145,1
89,88,1
89,85,1
89,82,1
85,71,1
84,123,1
84,129,1
84,145,1
84,149,1
85,46,1
85,48,1
85,57,1
85,63,1
85,67,1
85,74,1
89,81,1
85,77,1
85,82,1
85,93,1
85,97,1
85,99,1
85,108,1
85,111,1
85,117,1
85,139,1
84,122,1
84,118,1
84,110,1
84,109,1
83,89,1
83,91,1
83,93,1
83,96,1
83,104,1
83,113,1
83,120,1
83,125,1
83,140,1
83,146,1
83,151,1
84,42,1
84,45,1
84,53,1
84,55,1
84,59,1
84,97,1
84,101,1
84,104,1
85,142,1
85,143,1
85,217,1
87,113,1
88,57,1
88,64,1
88,65,1
88,72,1
88,73,1
88,75,1
88,110,1
88,111,1
88,114,1
88,132,1
88,143,1
88,149,1
88,151,1
88,204,1
89,49,1
89,71,1
89,73,1
89,75,1
89,76,1
88,39,1
87,106,1
86,47,1
87,95,1
86,53,1
86,57,1
86,62,1
86,67,1
86,70,1
86,97,1
86,101,1
86,103,1
86,105,1
86,115,1
86,121,1
86,125,1
86,128,1
87,47,1
87,53,1
87,61,1
87,68,1
87,74,1
87,79,1
94,85,1
94,93,1
94,103,1
103,72,1
102,114,1
102,115,1
102,116,1
102,126,1
102,129,1
102,130,1
102,134,1
102,142,1
102,159,1
103,88,1
100,81,1
103,90,1
103,93,1
103,100,1
103,104,1
103,110,1
103,112,1
103,123,1
104,67,1
104,68,1
102,107,1
102,80,1
102,78,1
102,75,1
100,85,1
100,89,1
100,95,1
100,116,1
100,119,1
100,122,1
100,124,1
100,128,1
100,149,1
100,231,1
101,88,1
101,92,1
101,110,1
101,114,1
102,49,1
102,51,1
102,61,1
102,63,1
102,70,1
104,69,1
104,73,1
104,79,1
105,96,1
105,102,1
105,106,1
105,107,1
105,114,1
105,118,1
105,141,1
106,63,1
106,79,1
106,80,1
106,83,1
106,86,1
106,88,1
106,91,1
106,101,1
106,103,1
106,105,1
106,109,1
106,113,1
106,123,1
105,100,1
105,90,1
104,81,1
105,47,1
104,82,1
104,83,1
104,85,1
104,87,1
104,89,1
104,97,1
104,115,1
104,117,1
104,120,1
104,121,1
104,123,1
104,127,1
104,132,1
104,134,1
104,135,1
104,139,1
104,145,1
104,167,1
104,212,1
100,82,1
100,71,1
94,105,1
96,138,1
96,116,1
96,117,1
96,118,1
96,119,1
96,123,1
96,124,1
96,125,1
96,128,1
96,132,1
96,140,1
100,70,1
97,45,1
97,55,1
97,94,1
97,98,1
97,99,1
97,100,1
97,103,1
97,111,1
97,113,1
96,115,1
96,109,1
96,103,1
96,99,1
94,118,1
94,132,1
94,145,1
94,153,1
94,159,1
94,200,1
95,62,1
95,82,1
95,84,1
95,94,1
95,95,1
95,97,1
95,114,1
95,125,1
95,169,1
96,45,1
96,66,1
96,81,1
96,95,1
97,114,1
97,115,1
98,41,1
98,149,1
98,155,1
98,159,1
98,180,1
99,92,1
99,96,1
99,99,1
99,110,1
100,39,1
100,46,1
100,47,1
100,53,1
100,55,1
100,57,1
100,58,1
100,60,1
100,61,1
100,62,1
100,63,1
100,65,1
98,153,1
98,134,1
98,58,1
98,131,1
98,61,1
98,63,1
98,65,1
98,68,1
98,69,1
98,72,1
98,75,1
98,76,1
98,77,1
98,82,1
98,83,1
98,84,1
98,91,1
98,97,1
98,105,1
98,107,1
98,119,1
98,124,1
98,125,1
386,368,1
