,precision,recall,f1-score,support
0,0.8275862068965517,0.8275862068965517,0.8275862068965517,29.0
1,0.4,0.6666666666666666,0.5,6.0
2,0.7142857142857143,1.0,0.8333333333333334,5.0
3,0.7142857142857143,0.4166666666666667,0.5263157894736842,12.0
4,1.0,0.16666666666666666,0.2857142857142857,6.0
5,0.25,0.5,0.3333333333333333,2.0
6,1.0,0.7878787878787878,0.8813559322033898,33.0
7,0.8947368421052632,0.5666666666666667,0.6938775510204082,30.0
8,0.847457627118644,0.78125,0.8130081300813008,64.0
9,0.4489795918367347,0.7586206896551724,0.5641025641025641,29.0
10,0.1875,0.5,0.2727272727272727,6.0
11,0.2727272727272727,1.0,0.42857142857142855,3.0
12,0.4,0.6666666666666666,0.5,3.0
13,0.6521739130434783,0.8108108108108109,0.7228915662650602,37.0
14,0.36363636363636365,0.42105263157894735,0.3902439024390244,19.0
15,0.958904109589041,0.875,0.9150326797385621,80.0
16,0.6222222222222222,0.9333333333333333,0.7466666666666667,30.0
17,0.5,0.3157894736842105,0.3870967741935484,19.0
18,0.75,0.4772727272727273,0.5833333333333334,44.0
19,0.5348837209302325,0.46,0.4946236559139785,50.0
20,0.6363636363636364,0.28,0.3888888888888889,50.0
21,0.5531914893617021,0.7878787878787878,0.65,33.0
22,0.8157894736842105,0.9393939393939394,0.8732394366197183,33.0
23,0.978021978021978,0.956989247311828,0.967391304347826,93.0
24,0.7,0.7777777777777778,0.7368421052631579,18.0
25,0.8333333333333334,1.0,0.9090909090909091,5.0
26,0.05952380952380952,1.0,0.11235955056179775,5.0
27,1.0,1.0,1.0,14.0
28,1.0,0.9761904761904762,0.9879518072289156,42.0
29,0.7727272727272727,0.85,0.8095238095238095,20.0
30,0.6785714285714286,0.95,0.7916666666666666,20.0
31,0.9358974358974359,0.7525773195876289,0.8342857142857143,97.0
32,0.5833333333333334,0.6363636363636364,0.6086956521739131,11.0
33,0.6666666666666666,0.5,0.5714285714285714,16.0
34,0.957983193277311,0.5533980582524272,0.7015384615384616,206.0
35,0.5,0.9,0.6428571428571429,10.0
36,1.0,0.8888888888888888,0.9411764705882353,81.0
37,0.5,0.6666666666666666,0.5714285714285714,3.0
38,0.42857142857142855,1.0,0.6,9.0
39,0.8695652173913043,1.0,0.9302325581395349,20.0
40,1.0,1.0,1.0,12.0
41,0.5294117647058824,0.75,0.6206896551724138,12.0
42,1.0,1.0,1.0,3.0
43,0.6666666666666666,1.0,0.8,6.0
44,1.0,1.0,1.0,10.0
45,0.9925925925925926,0.8701298701298701,0.9273356401384083,154.0
46,1.0,0.8873239436619719,0.9402985074626866,71.0
47,0.75,1.0,0.8571428571428571,3.0
48,1.0,1.0,1.0,10.0
49,0.6666666666666666,1.0,0.8,4.0
50,1.0,0.6666666666666666,0.8,3.0
51,0.6666666666666666,0.75,0.7058823529411765,8.0
52,0.375,0.5,0.42857142857142855,6.0
53,0.4166666666666667,0.8333333333333334,0.5555555555555556,6.0
54,0.5769230769230769,0.8333333333333334,0.6818181818181818,18.0
55,0.21052631578947367,1.0,0.34782608695652173,4.0
56,0.5,1.0,0.6666666666666666,4.0
57,0.9859154929577465,0.8974358974358975,0.9395973154362416,156.0
58,0.9907407407407407,0.9907407407407407,0.9907407407407407,108.0
59,1.0,0.9473684210526315,0.972972972972973,19.0
60,0.9841269841269841,0.9841269841269841,0.9841269841269841,63.0
61,0.9393939393939394,0.8857142857142857,0.9117647058823529,35.0
62,0.75,1.0,0.8571428571428571,3.0
63,0.9375,0.967741935483871,0.9523809523809523,31.0
64,0.8,1.0,0.8888888888888888,4.0
65,0.9545454545454546,0.875,0.9130434782608695,24.0
66,0.8888888888888888,0.8888888888888888,0.8888888888888888,9.0
67,0.5555555555555556,1.0,0.7142857142857143,5.0
68,1.0,0.25,0.4,4.0
69,0.6666666666666666,1.0,0.8,4.0
70,0.9090909090909091,1.0,0.9523809523809523,10.0
71,0.8333333333333334,0.8333333333333334,0.8333333333333334,6.0
72,0.9444444444444444,0.8947368421052632,0.918918918918919,19.0
73,1.0,0.9285714285714286,0.9629629629629629,14.0
74,0.875,0.7777777777777778,0.8235294117647058,27.0
75,1.0,1.0,1.0,6.0
76,1.0,1.0,1.0,7.0
77,0.92,0.7931034482758621,0.8518518518518519,29.0
78,0.88,0.9166666666666666,0.8979591836734694,24.0
79,1.0,1.0,1.0,15.0
80,0.7142857142857143,1.0,0.8333333333333334,5.0
81,1.0,0.8888888888888888,0.9411764705882353,9.0
82,0.8,1.0,0.8888888888888888,4.0
83,1.0,1.0,1.0,4.0
84,0.9620253164556962,0.8994082840236687,0.9296636085626911,169.0
85,0.48148148148148145,0.7222222222222222,0.5777777777777777,18.0
86,0.9285714285714286,0.8666666666666667,0.896551724137931,15.0
87,0.9473684210526315,0.9473684210526315,0.9473684210526315,19.0
88,0.5,1.0,0.6666666666666666,4.0
89,1.0,0.8571428571428571,0.9230769230769231,7.0
90,0.7142857142857143,0.8333333333333334,0.7692307692307693,6.0
91,0.2,0.6666666666666666,0.3076923076923077,3.0
accuracy,0.8113057324840764,0.8113057324840764,0.8113057324840764,0.8113057324840764
macro avg,0.7524267380212727,0.825562434022301,0.7564825648257313,2512.0
weighted avg,0.870712320386751,0.8113057324840764,0.8255912960347217,2512.0
